,Average RTT,Average TCP,Average throughput
0,0.5191633450899925,-0.3462199848523477,1.4086485755252331
1,-1.2309006259950899,0.827293230092741,-0.151644055642184
2,0.7500944693045902,-0.5058286284496337,-0.7441920267107783
